site_id,zone,SP,SubRegion,Elevation_m,elevation_relative,az_size_class,median_peak_doy_1984,median_peak_doy_2024,low_peak_doy_1984,low_peak_doy_2024,high_peak_doy_1984,high_peak_doy_2024,median_peak_ndvi_1984,median_peak_ndvi_2024,low_peak_ndvi_1984,low_peak_ndvi_2024,high_peak_ndvi_1984,high_peak_ndvi_2024,median_seasonal_mean_ndvi_1984,median_seasonal_mean_ndvi_2024,low_seasonal_mean_ndvi_1984,low_seasonal_mean_ndvi_2024,high_seasonal_mean_ndvi_1984,high_seasonal_mean_ndvi_2024,peak_doy_change,peak_ndvi_change,seasonal_mean_ndvi_change,peak_doy_significant,peak_ndvi_significant,seasonal_mean_ndvi_significant
ME_ABR,AZ,ME,Longfellow Mountains,1234,-26.25,Small,213,208,195,203.47500000000002,233.04999999999998,219.04999999999998,0.28413363360175903,0.29811274190376835,0.2749293285453279,0.28742370164693387,0.30383529663118836,0.30488296147050664,0.26162010486068055,0.27170854455419824,0.250628971362724,0.2666340267370092,0.27175275014592426,0.2791660053910029,-5,0.013979108302009324,0.010088439693517692,FALSE,FALSE,FALSE
ME_ABR,USAZ,ME,Longfellow Mountains,1234,-26.25,Small,208,207,196,199,223,220,0.3729959456028532,0.359850133219769,0.357649298648523,0.3466637823343759,0.3927922753338431,0.36808980954703785,0.34328796120524285,0.3324745477504687,0.3318126082797528,0.32443002218809014,0.3550479113612856,0.3391929801558692,-1,-0.01314581238308421,-0.010813413454774157,FALSE,FALSE,FALSE
ME_BIG,AZ,ME,Longfellow Mountains,1259,-1.25,Small,208.5,207,191.475,199,230.52499999999998,222.52499999999998,0.336778263231613,0.3632300657738297,0.32244216827166083,0.34745159006632975,0.3953561973461298,0.38323409025378125,0.304574950605775,0.330453465926875,0.2872922871174082,0.32031808475490275,0.3367684347932355,0.34765248217216316,-1.5,0.02645180254221674,0.025878515321100026,FALSE,FALSE,FALSE
ME_BIG,USAZ,ME,Longfellow Mountains,1259,-1.25,Small,202,198,192.475,188.425,225,205.52499999999998,0.3628236104461118,0.35863157912349863,0.3435685228233665,0.3417516733326136,0.40035136761926665,0.3707587958453057,0.3318266287969356,0.3286347362350187,0.3175369949206813,0.3152703394387227,0.35058240791683115,0.33669328321443676,-4,-0.004192031322613143,-0.003191892561916876,FALSE,FALSE,FALSE
ME_KAT,AZ,ME,Baxter State Park,1606,170.5,Large,209,216,197,205.47500000000002,218,222,0.28291504707889237,0.31513101500193813,0.2752765212077012,0.30609065152393333,0.29299519640741556,0.3250264236288537,0.25438758481498597,0.28851783199399084,0.2459108457578222,0.28446833104838737,0.2602727721728353,0.2951259599715925,7,0.03221596792304576,0.03413024717900487,FALSE,TRUE,TRUE
ME_KAT,USAZ,ME,Baxter State Park,1606,170.5,Large,203.5,206,171.95,199,217.52499999999998,214,0.351664715424955,0.3749269985163498,0.3457138163036417,0.36817009705841286,0.36061486073246485,0.38247369236302875,0.3214959048916751,0.3458849062893614,0.3129475448481334,0.3419177104985323,0.32995718205927643,0.3501924202755443,2.5,0.02326228309139483,0.024389001397686294,FALSE,TRUE,TRUE
ME_NBR,AZ,ME,Baxter State Park,1265,-170.5,Small,206,212,197.475,202.475,222.04999999999998,224,0.3078625127366974,0.33611399547005005,0.295930387120957,0.3289171393506247,0.3170058124655073,0.34299860027465623,0.28527644303830013,0.31465066480651727,0.27703138395902915,0.31028860932917457,0.29088828958874274,0.3191759757792029,6,0.02825148273335265,0.029374221768217135,FALSE,TRUE,TRUE
ME_NBR,USAZ,ME,Baxter State Park,1265,-170.5,Small,199.5,211,192,203,218.09999999999997,221,0.31724602738088936,0.3536787749178154,0.2962296621693875,0.3451570389820348,0.3366690953473476,0.35969181579252574,0.28709917924724915,0.3318072855316514,0.279799506020742,0.3273219557529078,0.2985181869535007,0.3355356380891552,11.5,0.03643274753692605,0.04470810628440225,FALSE,TRUE,TRUE
ME_SAD,AZ,ME,Longfellow Mountains,1256,-4.25,Medium,213,202,193.375,195.47500000000002,233,214.09999999999997,0.35250894528578974,0.3734632835757309,0.3329893880640864,0.36008236200963883,0.38180165354614154,0.3840612308324874,0.32680291824102536,0.3458139436430072,0.30664558323295243,0.3388874269057489,0.33924219248076415,0.35393694806107134,-11,0.020954338289941143,0.01901102540198185,FALSE,FALSE,FALSE
ME_SAD,USAZ,ME,Longfellow Mountains,1256,-4.25,Medium,216.5,204,195,196.475,234.52499999999998,217.04999999999998,0.36838000899377565,0.3692702921420344,0.33382520117851777,0.3556024167372695,0.39182953679976273,0.38253280956863694,0.33803365888444314,0.3382241129667485,0.3198078494429527,0.3319745503377816,0.351089040836603,0.34766525902428846,-12.5,8.902831482587303e-4,1.9045408230533578e-4,FALSE,FALSE,FALSE
ME_SUG,AZ,ME,Longfellow Mountains,1292,31.75,Small,218,204,198,197.475,237,219.04999999999998,0.3429260674395868,0.3724642270291775,0.3256502198327102,0.3580304365251382,0.4239250730500123,0.39178226381646897,0.30261479050913803,0.3316610752639264,0.27863821748305306,0.3236098428853287,0.34187570885559004,0.34231755338178205,-14,0.029538159589590662,0.029046284754788376,FALSE,FALSE,FALSE
ME_SUG,USAZ,ME,Longfellow Mountains,1292,31.75,Small,211,205,198.47500000000002,195,232.14999999999995,219.04999999999998,0.38982118266910104,0.4041784699087426,0.3778052674908082,0.39181213721218267,0.4455459653267909,0.4236691288257842,0.3451248187767292,0.36558002035671905,0.3276988884391549,0.35627925231898183,0.3722368769975224,0.3792082999054038,-6,0.01435728723964158,0.020455201579989868,FALSE,FALSE,FALSE
NH_BON,AZ,NH,White Mountains,1431,-130.20000000000005,Small,205,196,186.325,190,226.52499999999998,205,0.3029825697430083,0.3409426418743592,0.29310802182145324,0.32556528590982436,0.32600252475142333,0.3495236926607518,0.2758595081473725,0.30582033616121773,0.26563750482127,0.29734022085501055,0.2863902514923184,0.31278808283762954,-9,0.037960072131350886,0.029960828013845253,FALSE,FALSE,TRUE
NH_BON,USAZ,NH,White Mountains,1431,-130.20000000000005,Small,206.5,193,197.475,162.925,227.52499999999998,199,0.3906334220729605,0.3788671945195955,0.3798834494152685,0.367954026871519,0.42493054656380647,0.3879663022164637,0.3548810133229262,0.34904001023096726,0.34024421695495644,0.3388643917442855,0.37083018810217117,0.35617337355423223,-13.5,-0.011766227553364983,-0.005841003091958952,FALSE,FALSE,FALSE
NH_FRA,AZ,NH,White Mountains,1598,36.799999999999955,Small,206,194,196,189,217.62499999999994,203,0.2965608249780823,0.32723136080452786,0.2716697739368864,0.31136897626010956,0.30410524471359,0.34081511312533136,0.26517197575725693,0.29232174895262886,0.2542413140827339,0.2829276691777086,0.2723512697124142,0.3015059605965971,-12,0.030670535826445577,0.02714977319537193,FALSE,TRUE,TRUE
NH_FRA,USAZ,NH,White Mountains,1598,36.799999999999955,Small,206,197,196.475,191,220.04999999999998,203.52499999999998,0.3447762590089221,0.3454362232846189,0.32255757321472434,0.335681123065624,0.3586721427708358,0.3531987811199192,0.3115300363347756,0.3151994885173431,0.30032105206270676,0.308922781901518,0.3238663497730187,0.321116521932674,-9,6.599642756968116e-4,0.0036694521825674786,FALSE,FALSE,FALSE
NH_GUY,AZ,NH,White Mountains,1397,-164.20000000000005,Small,196,199,160.55,190.47500000000002,203.04999999999998,207.04999999999998,0.29203522082016564,0.32118700499665687,0.27605915107965684,0.30904790644618385,0.3027298604020455,0.3403098923575829,0.2711410774054501,0.2920476488181604,0.26116212938474076,0.2855746855237752,0.2774733965719398,0.30117400968546915,3,0.029151784176491224,0.020906571412710295,FALSE,TRUE,TRUE
NH_GUY,USAZ,NH,White Mountains,1397,-164.20000000000005,Small,202,197,194,188.47500000000002,217.52499999999998,208.52499999999998,0.33730222160221784,0.3339266997138595,0.31919730049149225,0.3247982962689061,0.3490804307516323,0.34453987079561743,0.31411516283835605,0.31178788495496007,0.3042945243876102,0.30760813402640425,0.3211527547277976,0.31793915394810734,-5,-0.003375521888358324,-0.002327277883395984,FALSE,FALSE,FALSE
NH_MOO,AZ,NH,White Mountains,1463,-98.20000000000005,Small,205,200,199,194.475,226,209,0.33554199200987217,0.35520658599204036,0.3042513391934772,0.3454674304170492,0.35812168066822714,0.3641140502658482,0.306880396308718,0.3167943472944816,0.29198679793954363,0.30872924224831977,0.320104806435497,0.32524960466983066,-5,0.019664593982168188,0.009913950985763587,FALSE,FALSE,FALSE
NH_MOO,USAZ,NH,White Mountains,1463,-98.20000000000005,Small,209,194,152,190.47500000000002,227.575,201.52499999999998,0.33522315585597606,0.3301713013258133,0.31852314327321213,0.31834560291917974,0.36180675959920705,0.33923560589676394,0.3155097196355801,0.2920620688652641,0.301894285024756,0.2845553289554065,0.32880970150737504,0.3015813107912577,-15,-0.005051854530162769,-0.02344765077031602,FALSE,FALSE,TRUE
NH_PRE,AZ,NH,White Mountains,1917,355.79999999999995,Large,210,197,167.675,194,228.04999999999998,201,0.2832831316798743,0.3213289374963185,0.2646002584565258,0.3050300366817264,0.290982259979632,0.33574621396035076,0.26201219006825655,0.28629360154341243,0.25289502336747743,0.2789061076905063,0.2680483069727623,0.29186759178183264,-13,0.038045805816444234,0.02428141147515589,FALSE,TRUE,TRUE
NH_PRE,USAZ,NH,White Mountains,1917,355.79999999999995,Large,208,194,200,191,219.04999999999998,199.52499999999998,0.3741661741499255,0.3707185151693675,0.3482093799507682,0.36084821172745296,0.38660194256641583,0.38145716107930666,0.3380666560496641,0.33338223792652666,0.32473837620669027,0.32798123780838717,0.3471100089478021,0.33872503866353976,-14,-0.0034476589805579883,-0.004684418123137468,TRUE,FALSE,FALSE
NY_ALG,AZ,NY,Adirondack Mountains,1559,22.200000000000045,Medium,205,201,198.47500000000002,195,216,207.04999999999998,0.3115152072223757,0.3367212316660527,0.29901663078651597,0.31983739809115275,0.32883986778979535,0.3473716648916552,0.2850194700401276,0.29934966798550244,0.268861276889932,0.29143218217933653,0.29591485445502225,0.3082136152247097,-4,0.025206024443677033,0.014330197945374823,FALSE,FALSE,FALSE
NY_ALG,USAZ,NY,Adirondack Mountains,1559,22.200000000000045,Medium,202,200,187.95,194,210.04999999999998,206,0.3182962605463782,0.33874963535208513,0.30341318519880645,0.3262990062714773,0.32949396850611934,0.3503141269445831,0.29645110236957417,0.30112431894665637,0.28742405503394547,0.29477785749904495,0.30279479646318697,0.3097682373379739,-2,0.020453374805706914,0.004673216577082195,FALSE,FALSE,FALSE
NY_HAY,AZ,NY,Adirondack Mountains,1512,-24.799999999999955,Small,210,203,197.475,194.425,229,209.04999999999998,0.309286694288118,0.352583732256071,0.2975775389515186,0.33857044920445917,0.32788145569929517,0.36516102547510176,0.29212526759262936,0.3176486441535378,0.27646963358070564,0.307306288634648,0.3023168837394924,0.32772841495621075,-7,0.04329703796795298,0.025523376560908417,FALSE,TRUE,TRUE
NY_HAY,USAZ,NY,Adirondack Mountains,1512,-24.799999999999955,Small,206,199,168.625,152,220.52499999999998,210.52499999999998,0.3150788769236908,0.3674035916626323,0.3060352833951292,0.34995554596574374,0.33201881318542104,0.40245419630587576,0.30022720552176585,0.33478642372425077,0.29011326707109997,0.3244438911797511,0.3102233436468944,0.34958947994741785,-7,0.052324714738941513,0.03455921820248492,FALSE,TRUE,TRUE
NY_MAR,AZ,NY,Adirondack Mountains,1629,92.20000000000005,Small,206,205,200,195.95,215.62499999999994,210.52499999999998,0.31325785462636957,0.3459925167725917,0.2919877726269816,0.32733546756282966,0.32539936855035334,0.35877559484510013,0.28382689883379636,0.30140958495025993,0.2753921194992218,0.28674896297734453,0.29306011716440866,0.316472495285915,-1,0.032734662146222115,0.017582686116463575,FALSE,TRUE,FALSE
NY_MAR,USAZ,NY,Adirondack Mountains,1629,92.20000000000005,Small,204,209,196.475,191.8,223.52499999999998,221,0.3301251678485951,0.3385040542282215,0.3016541928652656,0.3222591222413673,0.3434254823275625,0.3679402293565812,0.3012993438542727,0.2995119923572751,0.28843625534214523,0.2860394675080398,0.3102471263892822,0.3191595103007202,5,0.008378886379626416,-0.0017873514969976023,FALSE,FALSE,FALSE
NY_SKY,AZ,NY,Adirondack Mountains,1501,-35.799999999999955,Small,205.5,203,199.475,152,222.04999999999998,217.52499999999998,0.33716427174716695,0.37247551632587117,0.31657912443520264,0.3394181325198572,0.35853810613736325,0.39685917782804814,0.3103379474458495,0.335834993272237,0.29997843585527145,0.31447429679664524,0.3195797792960634,0.35346574576158024,-2.5,0.035311244578704215,0.025497045826387454,FALSE,FALSE,FALSE
NY_SKY,USAZ,NY,Adirondack Mountains,1501,-35.799999999999955,Small,205,204,199,197.475,212.52499999999998,214,0.32846259247626197,0.3659672426584681,0.31549704869546635,0.3416223370212176,0.3359807469005338,0.3790732438160266,0.3046696265207387,0.32803896067253735,0.29912118344203925,0.31434140903333363,0.312460701022878,0.34312355316727017,-1,0.03750465018220611,0.02336933415179865,FALSE,TRUE,TRUE
NY_WHF,AZ,NY,Adirondack Mountains,1483,-53.799999999999955,Small,207,200,196.475,193.47500000000002,222.04999999999998,204,0.28596704692932584,0.3151870167555344,0.2781891527814143,0.3059156116432156,0.29424112694629845,0.32604515005928786,0.26637427680890746,0.2850463383666533,0.2596580826091024,0.2784065494650843,0.2728407828248385,0.29205813249915985,-7,0.02921996982620856,0.01867206155774581,FALSE,TRUE,TRUE
NY_WHF,USAZ,NY,Adirondack Mountains,1483,-53.799999999999955,Small,205,200,196,186.95,221.04999999999998,205.04999999999998,0.2975398068350791,0.3155742115442359,0.28924908649422965,0.30307676868021843,0.3099180042489314,0.3252227183018178,0.2760705591283051,0.28250829032694613,0.2658414946004475,0.27499177450718104,0.2850010224915085,0.29137253694324183,-5,0.018034404709156848,0.00643773119864105,FALSE,FALSE,FALSE
QC_ALB,AZ,QC,Monts Chic-Chocs,1151,61.25,Large,218.5,214,198.95,204,234,223,0.24445252130001024,0.26375023697216615,0.23623680933604357,0.25384817335634435,0.2553468521537148,0.27805929049953126,0.22533307506154182,0.2364161918132472,0.21428434691562814,0.22916591901437752,0.23636081228068512,0.2464525457488938,-4.5,0.019297715672155907,0.011083116751705369,FALSE,FALSE,FALSE
QC_ALB,USAZ,QC,Monts Chic-Chocs,1151,61.25,Large,221,209,202,201.475,232,217,0.3250203112615548,0.301330213689876,0.3171735330021127,0.29203020616791053,0.3353522391150636,0.3153693912617835,0.3036271760027185,0.27759404471891524,0.2957059305240858,0.27097763437721745,0.3126375512056079,0.2844264361749863,-12,-0.02369009757167878,-0.026033131283803246,FALSE,TRUE,TRUE
QC_AUC,AZ,QC,Monts McGerrigle,1105,-17.615384615384528,Small,214,215,203,208,273,228.52499999999998,0.3177788328801806,0.33463592585078095,0.30605590984450753,0.32025746527598076,0.3513230783454317,0.35186985865004294,0.29547443568242826,0.2986440338524903,0.27816592005982355,0.2862650229327356,0.31145756534611585,0.31159069851526244,1,0.01685709297060034,0.0031695981700620157,FALSE,FALSE,FALSE
QC_AUC,USAZ,QC,Monts McGerrigle,1105,-17.615384615384528,Small,209,212,198,205,262.5499999999998,222,0.33346541250143114,0.31861569418724767,0.3189267997907544,0.30204482317685444,0.3543022679648203,0.3296809416944235,0.3080348760056235,0.2856687695643948,0.29517772068609804,0.27470207354439613,0.32224396576448006,0.2945868521136734,3,-0.014849718314183469,-0.022366106441228717,FALSE,FALSE,TRUE
QC_CAS,AZ,QC,Monts McGerrigle,1136,13.384615384615472,Medium,215,217,204.475,202.95,239.62499999999994,228,0.3128922261735265,0.3037846808676773,0.30236001688915254,0.2919198502492677,0.33215659930163105,0.317382349938354,0.2909296551125115,0.2822075393658891,0.2769010064357055,0.271093097457433,0.30496637720566333,0.28933310970487836,2,-0.00910754530584923,-0.008722115746622405,FALSE,FALSE,FALSE
QC_CAS,USAZ,QC,Monts McGerrigle,1136,13.384615384615472,Medium,216,216.5,203,197.425,236,230,0.3213896876783816,0.282179328684136,0.309401780689594,0.2664858107226574,0.3455059369616962,0.2947207836960473,0.2962293444191452,0.2603870780099679,0.28397223547381784,0.25104610143712847,0.3113268395408852,0.27036965904530996,0.5,-0.03921035899424563,-0.035842266409177315,FALSE,TRUE,TRUE
QC_COL,AZ,QC,Monts Chic-Chocs,1041,-48.75,Small,210,202,201.475,193.47500000000002,220.52499999999998,208.04999999999998,0.43211584571957673,0.44713562589687716,0.4057411358266433,0.433078090742286,0.47285315676834094,0.4793915056489677,0.37465535111031323,0.38182736147166924,0.35572816422322573,0.3700289687880781,0.4005741557468404,0.39530489703067617,-8,0.015019780177300435,0.007172010361356007,FALSE,FALSE,FALSE
QC_COL,USAZ,QC,Monts Chic-Chocs,1041,-48.75,Small,203,201,200,193.95,218.62499999999994,205.52499999999998,0.36598081108342545,0.3705120377259903,0.341081096378574,0.3555551273230728,0.3916533865797813,0.3977445919085484,0.3225153237111068,0.30743527652165437,0.30348602742416475,0.2934944385721413,0.33151893682655786,0.3261049229527976,-2,0.004531226642564834,-0.015080047189452439,FALSE,FALSE,FALSE
QC_CON,AZ,QC,Monts McGerrigle,1207,84.38461538461547,Large,213,213,205,205,233.04999999999998,220,0.277690683060546,0.2951394506107167,0.26985391659399305,0.2865619634215103,0.2871981647053341,0.30580925162217687,0.2562974470185163,0.27015533031485345,0.24796559043923125,0.2596388751368626,0.2656121140291928,0.2767291627708529,0,0.01744876755017072,0.013857883296337137,FALSE,FALSE,FALSE
QC_CON,USAZ,QC,Monts McGerrigle,1207,84.38461538461547,Large,214,211,197.95,203,262.0749999999998,223.52499999999998,0.3242225802776717,0.31727915360448444,0.3114184193967616,0.30838987255305056,0.34368907872453014,0.3273129933689598,0.3045402601527062,0.294718155421525,0.2949026886011393,0.2862879718204191,0.3185730108351532,0.3020325298855622,-3,-0.0069434266731872585,-0.00982210473118117,FALSE,FALSE,FALSE
QC_FOR,AZ,QC,Monts Chic-Chocs,1017,-72.75,Small,214,203,201.475,195.47500000000002,229.09999999999997,210,0.3249288070792031,0.34850921645604704,0.31268500251945874,0.3395491017514852,0.3416018571912799,0.3630045363517317,0.2998136674384383,0.31022083056180827,0.28997796693320044,0.3020749362895838,0.3110734169952036,0.3185815327854974,-11,0.02358040937684397,0.010407163123369978,FALSE,FALSE,FALSE
QC_FOR,USAZ,QC,Monts Chic-Chocs,1017,-72.75,Small,204,202,196.95,197.475,214.52499999999998,206.52499999999998,0.37267434882283546,0.37694037435190486,0.35279400720683785,0.3634528616385222,0.3984516913318257,0.41010226833572444,0.3364268824821839,0.3195086154526535,0.3175131787116919,0.3080540863904183,0.34741847775037193,0.33451574310284127,-2,0.004266025529069406,-0.016918267029530365,FALSE,FALSE,FALSE
QC_JAC,AZ,QC,Monts McGerrigle,1276,153.38461538461547,Large,213,215,205,207,229.52499999999998,222.04999999999998,0.2766696488757061,0.29835194094025574,0.2685218822331653,0.2906020990680829,0.28528984462204976,0.3067140708209991,0.25053121831153935,0.2631251107313958,0.2404503707793702,0.2549514461711002,0.25792314773369757,0.27215538218622326,2,0.021682292064549635,0.012593892419856423,FALSE,TRUE,FALSE
QC_JAC,USAZ,QC,Monts McGerrigle,1276,153.38461538461547,Large,211,212,202,202.95,228,220.52499999999998,0.35741835384679094,0.33837277300242474,0.3457431298633332,0.3266093442723139,0.40823810714284436,0.34558935531703994,0.31967672911477485,0.30437928194130015,0.3022175664394672,0.29478124088062907,0.34673521274712826,0.3120327373040716,1,-0.019045580844366194,-0.015297447173474699,FALSE,TRUE,FALSE
QC_JOS,AZ,QC,Monts McGerrigle,1086,-36.61538461538453,Small,232.5,210,152,152,273,227,0.30128202247590163,0.29382895787871577,0.2872241310344746,0.2759715599393897,0.3214827651158364,0.3089564072573387,0.2887906613335859,0.2787257746959766,0.27629060779485204,0.26744898535674066,0.29990070953033743,0.28721041318377627,-22.5,-0.0074530645971858656,-0.010064886637609294,FALSE,FALSE,FALSE
QC_JOS,USAZ,QC,Monts McGerrigle,1086,-36.61538461538453,Small,221.5,210,164.825,197.475,273,224.04999999999998,0.32312533333036664,0.2947213342153516,0.3035827057057958,0.2799565224677377,0.39098842153502283,0.3124664803652919,0.30376617354160973,0.2753291252021749,0.2851820016783082,0.26296512027027585,0.3302930254673587,0.2861962570199673,-11.5,-0.02840399911501501,-0.028437048339434834,FALSE,FALSE,FALSE
QC_LOG,AZ,QC,Monts Chic-Chocs,1150,60.25,Medium,212,207,204,199.475,231,210.52499999999998,0.3785465100541162,0.3831926872420518,0.35562921283789295,0.3677212559089498,0.39683798980921003,0.4042805158739506,0.3267927800564965,0.3303712483062041,0.31381974612587316,0.32058811340845195,0.36105705931755727,0.3444240986802164,-5,0.004646177187935585,0.0035784682497076448,FALSE,FALSE,FALSE
QC_LOG,USAZ,QC,Monts Chic-Chocs,1150,60.25,Medium,212,205,205,198.47500000000002,223.52499999999998,210.52499999999998,0.3888737266377726,0.38212888191801114,0.3758609519373426,0.36794566591919686,0.4065701961380087,0.40046068260519285,0.3388120717646549,0.32219668318319716,0.3247962625182571,0.3059048567802978,0.3550499821774422,0.3354177542833398,-7,-0.006744844719761445,-0.016615388581457724,FALSE,FALSE,FALSE
QC_MCW,AZ,QC,Monts McGerrigle,1036,-86.61538461538453,Small,217,212,203.47500000000002,196.475,261.5999999999998,273,0.2369749699334119,0.2494804727585892,0.22972421471667018,0.24019091302389267,0.245560599059643,0.2584070716996879,0.22312799799819966,0.23631599739532155,0.217394480246866,0.23056720245318957,0.23159639975038265,0.2421296385300568,-5,0.01250550282517729,0.013187999397121897,FALSE,FALSE,FALSE
QC_MCW,USAZ,QC,Monts McGerrigle,1036,-86.61538461538453,Small,206,209,193.425,189.275,273,273,0.32669564113409383,0.30245722729315444,0.3169485175627628,0.2828859195113513,0.342287754107493,0.3274100046238336,0.30742706812695514,0.28600793525043244,0.29408955672155557,0.2694425580098171,0.3236954032690027,0.300196350271292,3,-0.024238413840939388,-0.021419132876522695,FALSE,FALSE,FALSE
QC_MIC,AZ,QC,Monts McGerrigle,1040,-82.61538461538453,Small,233,205.5,203.47500000000002,152,273,230,0.2555231094538204,0.2715777581997231,0.24405838207891947,0.2624617820712404,0.27849075538206647,0.29946137581913307,0.24214960650176767,0.2597600146268488,0.2327053509566935,0.24999382920503396,0.25286471931198334,0.26905932066580274,-27.5,0.016054648745902678,0.017610408125081106,FALSE,FALSE,FALSE
QC_MIC,USAZ,QC,Monts McGerrigle,1040,-82.61538461538453,Small,210.5,211.5,199.475,152,273,230.52499999999998,0.34017330587063044,0.33436567200469003,0.3288541525042836,0.3227993072581491,0.35696990982113797,0.3734980136388993,0.31603210607374754,0.3158816929107467,0.3038347165796347,0.30015757364843965,0.3280043772093947,0.3284621699157888,1,-0.005807633865940409,-1.5041316300085095e-4,FALSE,FALSE,FALSE
QC_MSA,AZ,QC,Monts McGerrigle,1068,-54.61538461538453,Small,221,210.5,205.425,152,273,234.04999999999998,0.29306569065038174,0.3079612493667746,0.2840607942266866,0.29469940051372107,0.33743985185013553,0.37632887669860193,0.27021561137808237,0.2953455013546925,0.24658779026675973,0.2846170855628352,0.2907466575688201,0.3153881544733905,-10.5,0.014895558716392865,0.025129889976610142,FALSE,FALSE,FALSE
QC_MSA,USAZ,QC,Monts McGerrigle,1068,-54.61538461538453,Small,211,210.5,192.275,152,228,233.52499999999998,0.3264964271485387,0.27884429030550395,0.31659340313155193,0.2632132084974665,0.3528820579187134,0.2972972221707604,0.2951909604279022,0.2602235733392031,0.2813629353148294,0.2465606516822596,0.31519342627628183,0.2686888393235768,-0.5,-0.047652136843034765,-0.03496738708869912,FALSE,TRUE,TRUE
QC_PSA,AZ,QC,Monts McGerrigle,1147,24.384615384615472,Medium,206,205,201,197.475,213.52499999999998,212.52499999999998,0.34373738151328753,0.3729174100299454,0.3228804970175353,0.355281445468582,0.3818034464012119,0.3897953236061392,0.3019546680579391,0.33091619484908763,0.2868527968774556,0.31785818943760064,0.31897852414945643,0.34318847367277905,-1,0.029180028516657852,0.02896152679114855,FALSE,FALSE,FALSE
QC_PSA,USAZ,QC,Monts McGerrigle,1147,24.384615384615472,Medium,209,206,203,152,218,215,0.3800337164684535,0.38114993610808523,0.36414566297105516,0.3583420633411849,0.3962908854229243,0.4074947666050169,0.3416677406244441,0.3387981177097684,0.32995803163755355,0.3192809640407558,0.35132213263936574,0.3493745063743283,-3,0.0011162196396317103,-0.0028696229146756846,FALSE,FALSE,FALSE
QC_RIC,AZ,QC,Monts McGerrigle,1180,57.38461538461547,Small,221,215,206,188.7,257.3249999999997,252.09999999999962,0.27336328073239585,0.29040056236411294,0.2642491031808644,0.27360992068326107,0.28628646512526823,0.30547257356605734,0.2571813508799412,0.26967428460048626,0.246646268617977,0.2553161528561154,0.2674409856062867,0.28004818024236744,-6,0.017037281631717083,0.012492933720545052,FALSE,FALSE,FALSE
QC_RIC,USAZ,QC,Monts McGerrigle,1180,57.38461538461547,Small,218,211,202.95,152,238.04999999999998,223,0.3398732140983769,0.30260327869566095,0.3329402189210816,0.29228971141212,0.3607239441252178,0.31761383100904905,0.309143238254007,0.27807380039668583,0.29708868453329773,0.26604852769627774,0.32087663226824115,0.2907127681779055,-7,-0.03726993540271595,-0.03106943785732119,FALSE,TRUE,TRUE
QC_SOM,AZ,QC,Monts McGerrigle,1147,24.384615384615472,Medium,219,213,205,202.475,233.52499999999998,224.52499999999998,0.31667184448954816,0.3235889491913168,0.3100971256729572,0.31207367392003205,0.3313667319050352,0.33017627529098076,0.2892622966528335,0.2981497671272334,0.2751179473507229,0.28813137812716216,0.2996796459601748,0.3047510628117229,-6,0.0069171047017686504,0.008887470474399917,FALSE,FALSE,FALSE
QC_SOM,USAZ,QC,Monts McGerrigle,1147,24.384615384615472,Medium,212,208,203,152,224.575,219.52499999999998,0.3325508051373392,0.321155179575348,0.32265146721389504,0.3081039680734112,0.3482291961449212,0.3352162658547652,0.2997387681069331,0.2958813147071798,0.2874916063781061,0.2832986005603625,0.31257127091720743,0.30738699609607495,-4,-0.011395625561991196,-0.0038574533997532967,FALSE,FALSE,FALSE
QC_VIE,AZ,QC,Monts McGerrigle,1026,-96.61538461538451,Small,208.5,218,200,208,273,229,0.2519381421359507,0.2715741593609793,0.2402769882582842,0.2636849558801399,0.26220885417313955,0.280167454960623,0.238418120112994,0.2504939752051598,0.23242080284902158,0.24570505140259663,0.24559039687703996,0.2551392519465542,9.5,0.019636017225028557,0.012075855092165827,FALSE,TRUE,TRUE
QC_VIE,USAZ,QC,Monts McGerrigle,1026,-96.61538461538451,Small,214,216,204,205.95,253.0499999999996,228.52499999999998,0.3388144237234927,0.31417793736048466,0.3306774152380989,0.30464572388278965,0.3544781743913583,0.3265299982353469,0.31800061108266175,0.2901593021167337,0.3076372590059111,0.2822823064521217,0.32607486620788584,0.29975553809002126,2,-0.024636486363008026,-0.02784130896592807,FALSE,TRUE,TRUE
QC_XAL,AZ,QC,Monts McGerrigle,1140,17.384615384615472,Medium,219,214,209.475,205.47500000000002,236.52499999999998,222.52499999999998,0.2877701149059277,0.30016337193662523,0.27670628850748347,0.2896621863802794,0.30840491318377483,0.3080620993457347,0.2649350528611576,0.2800005671266734,0.25730065193738416,0.27276268048885444,0.27877017057275555,0.2845101122241007,-5,0.012393257030697546,0.015065514265515834,FALSE,FALSE,FALSE
QC_XAL,USAZ,QC,Monts McGerrigle,1140,17.384615384615472,Medium,213,212,207.475,201.475,234.04999999999998,220.04999999999998,0.3289536007227044,0.3191446667856589,0.3150187262312736,0.3076520513825564,0.33974640896628194,0.3292123911065751,0.29986649524973286,0.2963313498251182,0.2916603725574082,0.2875941377663309,0.3107606624204122,0.3034011961778375,-1,-0.009808933937045516,-0.0035351454246146385,FALSE,FALSE,FALSE
VT_CAM,AZ,VT,Green Mountains,1243,-48.5,Small,203,187,152,152,221.52499999999998,197.52499999999998,0.3007781317770942,0.3141511170670077,0.2805480797118731,0.3057357298994328,0.33201887516009243,0.3241432375503179,0.2732155116118987,0.28498657454571247,0.26081575419643865,0.27882613471400436,0.28669500670457904,0.29015856891913117,-16,0.013372985289913486,0.011771062933813747,FALSE,FALSE,FALSE
VT_CAM,USAZ,VT,Green Mountains,1243,-48.5,Small,205,185,181.9,152,220,194,0.34885706121842397,0.3515467400825192,0.3276881577843159,0.33184452049948754,0.3695520106667759,0.3712442332682506,0.31989544756605315,0.31259057771437815,0.30507225051189424,0.3005589022096373,0.3294171291300786,0.32123213851601884,-20,0.002689678864095213,-0.007304869851675,FALSE,FALSE,FALSE
VT_MAN,AZ,VT,Green Mountains,1340,48.5,Medium,194,190,152,152,226.04999999999998,199,0.3328105280708772,0.3413036448587522,0.3061413102721995,0.3252144871683439,0.38081370654133573,0.353456863280668,0.2994917473843157,0.30670073026223965,0.2853323448736138,0.29651451068641355,0.31645052830231746,0.31329230972802824,-4,0.00849311678787501,0.007208982877923931,FALSE,FALSE,FALSE
VT_MAN,USAZ,VT,Green Mountains,1340,48.5,Medium,194,184.5,152,152,218.09999999999997,195,0.39323958757605637,0.37168222484654456,0.35336012752971446,0.3592061165967362,0.48701253235211406,0.3828167171783665,0.34587850755982213,0.33206292451570174,0.31316257577614304,0.320591240770976,0.36690470671410813,0.3383456198682404,-9.5,-0.02155736272951181,-0.013815583044120394,FALSE,FALSE,FALSE
