<?xml version="1.0" encoding="UTF-8"?>
<metadata xml:lang="en"><Esri><CreaDate>20241021</CreaDate><CreaTime>14303000</CreaTime><ArcGISFormat>1.0</ArcGISFormat><SyncOnce>FALSE</SyncOnce><DataProperties><lineage><Process ToolSource="c:\program files\arcgis\pro\Resources\ArcToolbox\toolboxes\Conversion Tools.tbx\RasterToPolygon" Date="20240214" Time="205018">RasterToPolygon az2_10pix.tif D:\alpinezone\QC_jacques\az2_polys.shp NO_SIMPLIFY Value SINGLE_OUTER_PART #</Process><Process ToolSource="c:\program files\arcgis\pro\Resources\ArcToolbox\toolboxes\Data Management Tools.tbx\UpdateSchema" Date="20240216" Time="123155">UpdateSchema "CIMDATA=&lt;CIMStandardDataConnection xsi:type='typens:CIMStandardDataConnection' xmlns:xsi='http://www.w3.org/2001/XMLSchema-instance' xmlns:xs='http://www.w3.org/2001/XMLSchema' xmlns:typens='http://www.esri.com/schemas/ArcGIS/3.1.0'&gt;&lt;WorkspaceConnectionString&gt;DATABASE=D:\alpinezone\QC_jacques&lt;/WorkspaceConnectionString&gt;&lt;WorkspaceFactory&gt;Shapefile&lt;/WorkspaceFactory&gt;&lt;Dataset&gt;az2_polys.shp&lt;/Dataset&gt;&lt;DatasetType&gt;esriDTFeatureClass&lt;/DatasetType&gt;&lt;/CIMStandardDataConnection&gt;" &lt;operationSequence&gt;&lt;workflow&gt;&lt;AddField&gt;&lt;field_name&gt;area_km2&lt;/field_name&gt;&lt;field_type&gt;FLOAT&lt;/field_type&gt;&lt;field_is_nullable&gt;False&lt;/field_is_nullable&gt;&lt;field_is_required&gt;False&lt;/field_is_required&gt;&lt;/AddField&gt;&lt;/workflow&gt;&lt;/operationSequence&gt;</Process><Process ToolSource="c:\program files\arcgis\pro\Resources\ArcToolbox\toolboxes\Data Management Tools.tbx\CalculateGeometryAttributes" Date="20240216" Time="123219">CalculateGeometryAttributes az2_polys "area_km2 AREA_GEODESIC" # "Square Kilometers" # "Same as input"</Process><Process ToolSource="c:\program files\arcgis\pro\Resources\ArcToolbox\toolboxes\Conversion Tools.tbx\ExportFeatures" Date="20240216" Time="123859">ExportFeatures az2_polys D:\alpinezone\QC_jacques\az2_polys_larger_than_halfkm2.shp # NOT_USE_ALIAS "Id "Id" true true false 10 Long 0 10,First,#,az2_polys,Id,-1,-1;gridcode "gridcode" true true false 10 Long 0 10,First,#,az2_polys,gridcode,-1,-1;area_km2 "area_km2" true true false 13 Float 0 0,First,#,az2_polys,area_km2,-1,-1" #</Process><Process ToolSource="c:\program files\arcgis\pro\Resources\ArcToolbox\toolboxes\Data Management Tools.tbx\EliminatePolygonPart" Date="20240216" Time="133518">EliminatePolygonPart az2_polys_larger_than_halfkm2 D:\alpinezone\QC_jacques\QC_JacquesCartier.gdb\az2_polys_larger_filled Area "0.1 SquareKilometers" 0 ANY</Process><Process ToolSource="c:\program files\arcgis\pro\Resources\ArcToolbox\toolboxes\Data Management Tools.tbx\Project" Date="20240216" Time="134639">Project az2_polys_larger_filled D:\alpinezone\Shapefiles_for_GEE\QC\JC\QC_JC_az.shp GEOGCS["GCS_WGS_1984",DATUM["D_WGS_1984",SPHEROID["WGS_1984",6378137.0,298.257223563]],PRIMEM["Greenwich",0.0],UNIT["Degree",0.0174532925199433]] NAD_1983_CSRS_To_WGS_1984_2 PROJCS["NAD_1983_CSRS_UTM_Zone_20N",GEOGCS["GCS_North_American_1983_CSRS",DATUM["D_North_American_1983_CSRS",SPHEROID["GRS_1980",6378137.0,298.257222101]],PRIMEM["Greenwich",0.0],UNIT["Degree",0.0174532925199433]],PROJECTION["Transverse_Mercator"],PARAMETER["False_Easting",500000.0],PARAMETER["False_Northing",0.0],PARAMETER["Central_Meridian",-63.0],PARAMETER["Scale_Factor",0.9996],PARAMETER["Latitude_Of_Origin",0.0],UNIT["Meter",1.0]] NO_PRESERVE_SHAPE # NO_VERTICAL</Process><Process ToolSource="c:\program files\arcgis\pro\Resources\ArcToolbox\toolboxes\Data Management Tools.tbx\Merge" Date="20241019" Time="154511">Merge QC_JC_az;QC_CO_az;QC_AL_az;ME_KA_az;NH_FR_az;D:\alpine_zone\NH\NH_Presidentials\Shapefiles_for_GEE\NH_PR_AZ.shp D:\alpine_zone\all_shapefiles_for_GEE\AZ_all.shp "OBJECTID "OBJECTID" true true false 10 Long 0 10,First,#,QC_JC_az,OBJECTID,-1,-1,QC_CO_az,OBJECTID,-1,-1;Id "Id" true true false 10 Long 0 10,First,#,QC_JC_az,Id,-1,-1,QC_CO_az,Id,-1,-1,QC_AL_az,Id,-1,-1,ME_KA_az,Id,-1,-1,NH_FR_az,Id,-1,-1,D:\alpine_zone\NH\NH_Presidentials\Shapefiles_for_GEE\NH_PR_AZ.shp,Id,-1,-1;gridcode "gridcode" true true false 10 Long 0 10,First,#,QC_JC_az,gridcode,-1,-1,QC_CO_az,gridcode,-1,-1,QC_AL_az,gridcode,-1,-1,ME_KA_az,gridcode,-1,-1,D:\alpine_zone\NH\NH_Presidentials\Shapefiles_for_GEE\NH_PR_AZ.shp,gridcode,-1,-1;area_km2 "area_km2" true true false 13 Float 0 0,First,#,QC_JC_az,area_km2,-1,-1,QC_CO_az,area_km2,-1,-1;ORIG_FID "ORIG_FID" true true false 10 Long 0 10,First,#,QC_JC_az,ORIG_FID,-1,-1,QC_CO_az,ORIG_FID,-1,-1,QC_AL_az,ORIG_FID,-1,-1,ME_KA_az,ORIG_FID,-1,-1,D:\alpine_zone\NH\NH_Presidentials\Shapefiles_for_GEE\NH_PR_AZ.shp,ORIG_FID,-1,-1;Shape_Leng "Shape_Leng" true true false 19 Double 0 0,First,#,QC_JC_az,Shape_Leng,-1,-1,QC_CO_az,Shape_Leng,-1,-1;Shape_Area "Shape_Area" true true false 19 Double 0 0,First,#,QC_JC_az,Shape_Area,-1,-1,QC_CO_az,Shape_Area,-1,-1;area_ha "area_ha" true true false 13 Float 0 0,First,#,D:\alpine_zone\NH\NH_Presidentials\Shapefiles_for_GEE\NH_PR_AZ.shp,area_ha,-1,-1;vertices "vertices" true true false 10 Long 0 10,First,#,D:\alpine_zone\NH\NH_Presidentials\Shapefiles_for_GEE\NH_PR_AZ.shp,vertices,-1,-1;InPoly_FID "InPoly_FID" true true false 10 Long 0 10,First,#,D:\alpine_zone\NH\NH_Presidentials\Shapefiles_for_GEE\NH_PR_AZ.shp,InPoly_FID,-1,-1;MaxSimpTol "MaxSimpTol" true true false 19 Double 0 0,First,#,D:\alpine_zone\NH\NH_Presidentials\Shapefiles_for_GEE\NH_PR_AZ.shp,MaxSimpTol,-1,-1;MinSimpTol "MinSimpTol" true true false 19 Double 0 0,First,#,D:\alpine_zone\NH\NH_Presidentials\Shapefiles_for_GEE\NH_PR_AZ.shp,MinSimpTol,-1,-1" ADD_SOURCE_INFO</Process><Process ToolSource="c:\program files\arcgis\pro\Resources\ArcToolbox\toolboxes\Data Management Tools.tbx\DeleteField" Date="20241019" Time="154602">DeleteField AZ_all OBJECTID "Delete Fields"</Process><Process ToolSource="c:\program files\arcgis\pro\Resources\ArcToolbox\toolboxes\Data Management Tools.tbx\DeleteField" Date="20241019" Time="154612">DeleteField AZ_all Id "Delete Fields"</Process><Process ToolSource="c:\program files\arcgis\pro\Resources\ArcToolbox\toolboxes\Data Management Tools.tbx\DeleteField" Date="20241019" Time="154617">DeleteField AZ_all gridcode "Delete Fields"</Process><Process ToolSource="c:\program files\arcgis\pro\Resources\ArcToolbox\toolboxes\Data Management Tools.tbx\CalculateGeometryAttributes" Date="20241019" Time="154737">CalculateGeometryAttributes AZ_all "area_km2 AREA_GEODESIC" # "Square Kilometers" # "Same as input"</Process><Process ToolSource="c:\program files\arcgis\pro\Resources\ArcToolbox\toolboxes\Data Management Tools.tbx\DeleteField" Date="20241019" Time="154746">DeleteField AZ_all ORIG_FID "Delete Fields"</Process><Process ToolSource="c:\program files\arcgis\pro\Resources\ArcToolbox\toolboxes\Data Management Tools.tbx\DeleteField" Date="20241019" Time="154756">DeleteField AZ_all Shape_Leng "Delete Fields"</Process><Process ToolSource="c:\program files\arcgis\pro\Resources\ArcToolbox\toolboxes\Data Management Tools.tbx\DeleteField" Date="20241019" Time="154801">DeleteField AZ_all Shape_Area "Delete Fields"</Process><Process ToolSource="c:\program files\arcgis\pro\Resources\ArcToolbox\toolboxes\Data Management Tools.tbx\DeleteField" Date="20241019" Time="154828">DeleteField AZ_all vertices "Delete Fields"</Process><Process ToolSource="c:\program files\arcgis\pro\Resources\ArcToolbox\toolboxes\Data Management Tools.tbx\DeleteField" Date="20241019" Time="154834">DeleteField AZ_all InPoly_FID "Delete Fields"</Process><Process ToolSource="c:\program files\arcgis\pro\Resources\ArcToolbox\toolboxes\Data Management Tools.tbx\DeleteField" Date="20241019" Time="154840">DeleteField AZ_all MaxSimpTol "Delete Fields"</Process><Process ToolSource="c:\program files\arcgis\pro\Resources\ArcToolbox\toolboxes\Data Management Tools.tbx\DeleteField" Date="20241019" Time="154845">DeleteField AZ_all MinSimpTol "Delete Fields"</Process><Process ToolSource="c:\program files\arcgis\pro\Resources\ArcToolbox\toolboxes\Data Management Tools.tbx\CalculateGeometryAttributes" Date="20241019" Time="154905">CalculateGeometryAttributes AZ_all "area_ha AREA_GEODESIC" # Hectares # "Same as input"</Process><Process ToolSource="c:\program files\arcgis\pro\Resources\ArcToolbox\toolboxes\Data Management Tools.tbx\DeleteField" Date="20241019" Time="155156">DeleteField AZ_all area_km2 "Delete Fields"</Process><Process ToolSource="c:\program files\arcgis\pro\Resources\ArcToolbox\toolboxes\Data Management Tools.tbx\CalculateGeometryAttributes" Date="20241019" Time="155205">CalculateGeometryAttributes AZ_all "area_ha AREA_GEODESIC" # Hectares # "Same as input"</Process><Process ToolSource="c:\program files\arcgis\pro\Resources\ArcToolbox\toolboxes\Data Management Tools.tbx\UpdateSchema" Date="20241019" Time="155325">UpdateSchema "CIMDATA=&lt;CIMStandardDataConnection xsi:type='typens:CIMStandardDataConnection' xmlns:xsi='http://www.w3.org/2001/XMLSchema-instance' xmlns:xs='http://www.w3.org/2001/XMLSchema' xmlns:typens='http://www.esri.com/schemas/ArcGIS/3.1.0'&gt;&lt;WorkspaceConnectionString&gt;DATABASE=D:\alpine_zone\all_shapefiles_for_GEE&lt;/WorkspaceConnectionString&gt;&lt;WorkspaceFactory&gt;Shapefile&lt;/WorkspaceFactory&gt;&lt;Dataset&gt;AZ_all&lt;/Dataset&gt;&lt;DatasetType&gt;esriDTFeatureClass&lt;/DatasetType&gt;&lt;/CIMStandardDataConnection&gt;" &lt;operationSequence&gt;&lt;workflow&gt;&lt;AddField&gt;&lt;field_name&gt;Site&lt;/field_name&gt;&lt;field_type&gt;TEXT&lt;/field_type&gt;&lt;field_length&gt;5&lt;/field_length&gt;&lt;field_is_nullable&gt;False&lt;/field_is_nullable&gt;&lt;field_is_required&gt;False&lt;/field_is_required&gt;&lt;/AddField&gt;&lt;/workflow&gt;&lt;workflow&gt;&lt;AddField&gt;&lt;field_name&gt;Name&lt;/field_name&gt;&lt;field_type&gt;TEXT&lt;/field_type&gt;&lt;field_length&gt;30&lt;/field_length&gt;&lt;field_is_nullable&gt;False&lt;/field_is_nullable&gt;&lt;field_is_required&gt;False&lt;/field_is_required&gt;&lt;/AddField&gt;&lt;/workflow&gt;&lt;/operationSequence&gt;</Process><Process ToolSource="c:\program files\arcgis\pro\Resources\ArcToolbox\toolboxes\Data Management Tools.tbx\DeleteField" Date="20241019" Time="155341">DeleteField AZ_all Site "Delete Fields"</Process><Process ToolSource="c:\program files\arcgis\pro\Resources\ArcToolbox\toolboxes\Data Management Tools.tbx\UpdateSchema" Date="20241019" Time="155438">UpdateSchema "CIMDATA=&lt;CIMStandardDataConnection xsi:type='typens:CIMStandardDataConnection' xmlns:xsi='http://www.w3.org/2001/XMLSchema-instance' xmlns:xs='http://www.w3.org/2001/XMLSchema' xmlns:typens='http://www.esri.com/schemas/ArcGIS/3.1.0'&gt;&lt;WorkspaceConnectionString&gt;DATABASE=D:\alpine_zone\all_shapefiles_for_GEE&lt;/WorkspaceConnectionString&gt;&lt;WorkspaceFactory&gt;Shapefile&lt;/WorkspaceFactory&gt;&lt;Dataset&gt;AZ_all&lt;/Dataset&gt;&lt;DatasetType&gt;esriDTFeatureClass&lt;/DatasetType&gt;&lt;/CIMStandardDataConnection&gt;" &lt;operationSequence&gt;&lt;workflow&gt;&lt;AddField&gt;&lt;field_name&gt;SiteZone&lt;/field_name&gt;&lt;field_type&gt;TEXT&lt;/field_type&gt;&lt;field_length&gt;12&lt;/field_length&gt;&lt;field_is_nullable&gt;False&lt;/field_is_nullable&gt;&lt;field_is_required&gt;False&lt;/field_is_required&gt;&lt;/AddField&gt;&lt;/workflow&gt;&lt;/operationSequence&gt;</Process><Process ToolSource="c:\program files\arcgis\pro\Resources\ArcToolbox\toolboxes\Data Management Tools.tbx\DeleteField" Date="20241019" Time="155708">DeleteField AZ_all MERGE_SRC "Delete Fields"</Process><Process ToolSource="c:\program files\arcgis\pro\Resources\ArcToolbox\toolboxes\Data Management Tools.tbx\Merge" Date="20241020" Time="152934">Merge AZ_all;QC_SOM_AZ;QC_FOR_AZ;QC_CAS_AZ;QC_MCW_AZ;QC_MSA_AZ;QC_AUC_AZ;QC_MIC_AZ;QC_VIE_AZ;QC_XA_az;QC_SA_az;QC_RI_az;QC_LO_az D:\alpine_zone\all_shapefiles_for_GEE\v2\AZ_all.shp "area_ha "area_ha" true true false 13 Float 0 0,First,#,AZ_all,area_ha,-1,-1;Name "Name" true true false 30 Text 0 0,First,#,AZ_all,Name,0,30;SiteZone "SiteZone" true true false 12 Text 0 0,First,#,AZ_all,SiteZone,0,12;Id "Id" true true false 10 Long 0 10,First,#,QC_SOM_AZ,Id,-1,-1,QC_FOR_AZ,Id,-1,-1,QC_CAS_AZ,Id,-1,-1,QC_MCW_AZ,Id,-1,-1,QC_MSA_AZ,Id,-1,-1,QC_AUC_AZ,Id,-1,-1,QC_MIC_AZ,Id,-1,-1,QC_VIE_AZ,Id,-1,-1,QC_XA_az,Id,-1,-1,QC_SA_az,Id,-1,-1,QC_RI_az,Id,-1,-1,QC_LO_az,Id,-1,-1;gridcode "gridcode" true true false 10 Long 0 10,First,#,QC_SOM_AZ,gridcode,-1,-1,QC_FOR_AZ,gridcode,-1,-1,QC_CAS_AZ,gridcode,-1,-1,QC_MCW_AZ,gridcode,-1,-1,QC_MSA_AZ,gridcode,-1,-1,QC_AUC_AZ,gridcode,-1,-1,QC_MIC_AZ,gridcode,-1,-1,QC_VIE_AZ,gridcode,-1,-1,QC_XA_az,gridcode,-1,-1,QC_SA_az,gridcode,-1,-1,QC_RI_az,gridcode,-1,-1,QC_LO_az,gridcode,-1,-1;area_km2 "area_km2" true true false 13 Float 0 0,First,#,QC_SOM_AZ,area_km2,-1,-1,QC_FOR_AZ,area_km2,-1,-1,QC_CAS_AZ,area_km2,-1,-1,QC_MCW_AZ,area_km2,-1,-1,QC_MSA_AZ,area_km2,-1,-1,QC_AUC_AZ,area_km2,-1,-1,QC_MIC_AZ,area_km2,-1,-1,QC_VIE_AZ,area_km2,-1,-1,QC_XA_az,area_km2,-1,-1,QC_SA_az,area_km2,-1,-1,QC_RI_az,area_km2,-1,-1;vertices "vertices" true true false 10 Long 0 10,First,#,QC_SOM_AZ,vertices,-1,-1,QC_FOR_AZ,vertices,-1,-1,QC_CAS_AZ,vertices,-1,-1,QC_MCW_AZ,vertices,-1,-1,QC_MSA_AZ,vertices,-1,-1,QC_AUC_AZ,vertices,-1,-1,QC_MIC_AZ,vertices,-1,-1,QC_VIE_AZ,vertices,-1,-1;OBJECTID "OBJECTID" true true false 10 Long 0 10,First,#,QC_XA_az,OBJECTID,-1,-1,QC_SA_az,OBJECTID,-1,-1,QC_RI_az,OBJECTID,-1,-1;ORIG_FID "ORIG_FID" true true false 10 Long 0 10,First,#,QC_XA_az,ORIG_FID,-1,-1,QC_SA_az,ORIG_FID,-1,-1,QC_RI_az,ORIG_FID,-1,-1,QC_LO_az,ORIG_FID,-1,-1;Shape_Leng "Shape_Leng" true true false 19 Double 0 0,First,#,QC_XA_az,Shape_Leng,-1,-1,QC_SA_az,Shape_Leng,-1,-1,QC_RI_az,Shape_Leng,-1,-1;Shape_Area "Shape_Area" true true false 19 Double 0 0,First,#,QC_XA_az,Shape_Area,-1,-1,QC_SA_az,Shape_Area,-1,-1,QC_RI_az,Shape_Area,-1,-1" ADD_SOURCE_INFO</Process><Process ToolSource="c:\program files\arcgis\pro\Resources\ArcToolbox\toolboxes\Data Management Tools.tbx\CalculateGeometryAttributes" Date="20241020" Time="153841">CalculateGeometryAttributes AZ_all "area_ha AREA_GEODESIC" # Hectares # "Same as input"</Process><Process ToolSource="c:\program files\arcgis\pro\Resources\ArcToolbox\toolboxes\Data Management Tools.tbx\DeleteField" Date="20241020" Time="153856">DeleteField AZ_all gridcode "Delete Fields"</Process><Process ToolSource="c:\program files\arcgis\pro\Resources\ArcToolbox\toolboxes\Data Management Tools.tbx\DeleteField" Date="20241020" Time="153901">DeleteField AZ_all area_km2 "Delete Fields"</Process><Process ToolSource="c:\program files\arcgis\pro\Resources\ArcToolbox\toolboxes\Data Management Tools.tbx\DeleteField" Date="20241020" Time="153906">DeleteField AZ_all vertices "Delete Fields"</Process><Process ToolSource="c:\program files\arcgis\pro\Resources\ArcToolbox\toolboxes\Data Management Tools.tbx\DeleteField" Date="20241020" Time="153911">DeleteField AZ_all OBJECTID "Delete Fields"</Process><Process ToolSource="c:\program files\arcgis\pro\Resources\ArcToolbox\toolboxes\Data Management Tools.tbx\DeleteField" Date="20241020" Time="153918">DeleteField AZ_all ORIG_FID "Delete Fields"</Process><Process ToolSource="c:\program files\arcgis\pro\Resources\ArcToolbox\toolboxes\Data Management Tools.tbx\DeleteField" Date="20241020" Time="153923">DeleteField AZ_all Shape_Leng "Delete Fields"</Process><Process ToolSource="c:\program files\arcgis\pro\Resources\ArcToolbox\toolboxes\Data Management Tools.tbx\DeleteField" Date="20241020" Time="153929">DeleteField AZ_all Id "Delete Fields"</Process><Process ToolSource="c:\program files\arcgis\pro\Resources\ArcToolbox\toolboxes\Data Management Tools.tbx\DeleteField" Date="20241020" Time="153934">DeleteField AZ_all Shape_Area "Delete Fields"</Process><Process ToolSource="c:\program files\arcgis\pro\Resources\ArcToolbox\toolboxes\Data Management Tools.tbx\DeleteField" Date="20241020" Time="153938">DeleteField AZ_all MERGE_SRC "Delete Fields"</Process><Process ToolSource="c:\program files\arcgis\pro\Resources\ArcToolbox\toolboxes\Data Management Tools.tbx\Merge" Date="20241020" Time="201308">Merge AZ_all;NY_WF_az;NY_Skylight_AZ;NY_Marcy_AZ;NY_Haystack_AZ;NY_Algonquin_AZ;VT_MA_az;VT_CH_az;NH_Moosilauke_AZ;NH_GUY_AZ;NH_BO_az;ME_SUG_AZ;ME_Saddleback_AZ;ME_Brothers_AZ;ME_BG_az;ME_Abraham_AZ C:\Users\d26539m\AppData\Local\Temp\ArcGISProTemp19828\Untitled\Default.gdb\AZ_all_Merge "area_ha "area_ha" true true false 13 Float 0 0,First,#,AZ_all,area_ha,-1,-1;Name "Name" true true false 30 Text 0 0,First,#,AZ_all,Name,0,30;SiteZone "SiteZone" true true false 12 Text 0 0,First,#,AZ_all,SiteZone,0,12;OBJECTID "OBJECTID" true true false 10 Long 0 10,First,#,NY_WF_az,OBJECTID,-1,-1;Id "Id" true true false 10 Long 0 10,First,#,NY_WF_az,Id,-1,-1,NY_Skylight_AZ,Id,-1,-1,NY_Marcy_AZ,Id,-1,-1,NY_Haystack_AZ,Id,-1,-1,NY_Algonquin_AZ,Id,-1,-1,VT_MA_az,Id,-1,-1,VT_CH_az,Id,-1,-1,NH_Moosilauke_AZ,Id,-1,-1,NH_GUY_AZ,Id,-1,-1,NH_BO_az,Id,-1,-1,ME_SUG_AZ,Id,-1,-1,ME_Saddleback_AZ,Id,-1,-1,ME_Brothers_AZ,Id,-1,-1,ME_BG_az,Id,-1,-1,ME_Abraham_AZ,Id,-1,-1;gridcode "gridcode" true true false 10 Long 0 10,First,#,NY_WF_az,gridcode,-1,-1,NY_Skylight_AZ,gridcode,-1,-1,NY_Marcy_AZ,gridcode,-1,-1,NY_Haystack_AZ,gridcode,-1,-1,NY_Algonquin_AZ,gridcode,-1,-1,VT_MA_az,gridcode,-1,-1,VT_CH_az,gridcode,-1,-1,NH_Moosilauke_AZ,gridcode,-1,-1,NH_GUY_AZ,gridcode,-1,-1,NH_BO_az,gridcode,-1,-1,ME_SUG_AZ,gridcode,-1,-1,ME_Saddleback_AZ,gridcode,-1,-1,ME_Brothers_AZ,gridcode,-1,-1,ME_BG_az,gridcode,-1,-1,ME_Abraham_AZ,gridcode,-1,-1;ORIG_FID "ORIG_FID" true true false 10 Long 0 10,First,#,NY_WF_az,ORIG_FID,-1,-1,NY_Skylight_AZ,ORIG_FID,-1,-1,NY_Marcy_AZ,ORIG_FID,-1,-1,NY_Haystack_AZ,ORIG_FID,-1,-1,NY_Algonquin_AZ,ORIG_FID,-1,-1,VT_MA_az,ORIG_FID,-1,-1,NH_Moosilauke_AZ,ORIG_FID,-1,-1,NH_GUY_AZ,ORIG_FID,-1,-1,NH_BO_az,ORIG_FID,-1,-1,ME_SUG_AZ,ORIG_FID,-1,-1,ME_Saddleback_AZ,ORIG_FID,-1,-1,ME_Brothers_AZ,ORIG_FID,-1,-1,ME_Abraham_AZ,ORIG_FID,-1,-1;Shape_Leng "Shape_Leng" true true false 19 Double 0 0,First,#,NY_WF_az,Shape_Leng,-1,-1;Shape_Area "Shape_Area" true true false 19 Double 0 0,First,#,NY_WF_az,Shape_Area,-1,-1" ADD_SOURCE_INFO</Process><Process ToolSource="c:\program files\arcgis\pro\Resources\ArcToolbox\toolboxes\Conversion Tools.tbx\ExportFeatures" Date="20241020" Time="201844">ExportFeatures AZ_all_Merge D:\alpine_zone\all_shapefiles_for_GEE\v3\AZ_all.shp # NOT_USE_ALIAS "area_ha "area_ha" true true false 4 Float 0 0,First,#,AZ_all_Merge,area_ha,-1,-1;Name "Name" true true false 30 Text 0 0,First,#,AZ_all_Merge,Name,0,30;SiteZone "SiteZone" true true false 12 Text 0 0,First,#,AZ_all_Merge,SiteZone,0,12;OBJECTID "OBJECTID" true true false 4 Long 0 0,First,#,AZ_all_Merge,OBJECTID,-1,-1;Id "Id" true true false 4 Long 0 0,First,#,AZ_all_Merge,Id,-1,-1;gridcode "gridcode" true true false 4 Long 0 0,First,#,AZ_all_Merge,gridcode,-1,-1;ORIG_FID "ORIG_FID" true true false 4 Long 0 0,First,#,AZ_all_Merge,ORIG_FID,-1,-1;Shape_Leng "Shape_Leng" true true false 8 Double 0 0,First,#,AZ_all_Merge,Shape_Leng,-1,-1;MERGE_SRC "MERGE_SRC" true true false 255 Text 0 0,First,#,AZ_all_Merge,MERGE_SRC,0,255;Shape_Length "Shape_Length" false true true 8 Double 0 0,First,#,AZ_all_Merge,Shape_Length,-1,-1;Shape_Area "Shape_Area" false true true 8 Double 0 0,First,#,AZ_all_Merge,Shape_Area,-1,-1" #</Process><Process ToolSource="c:\program files\arcgis\pro\Resources\ArcToolbox\toolboxes\Data Management Tools.tbx\CalculateGeometryAttributes" Date="20241020" Time="203059">CalculateGeometryAttributes AZ_all "area_ha AREA_GEODESIC" # Hectares # "Same as input"</Process><Process ToolSource="c:\program files\arcgis\pro\Resources\ArcToolbox\toolboxes\Data Management Tools.tbx\DeleteField" Date="20241020" Time="203239">DeleteField AZ_all OBJECTID "Delete Fields"</Process><Process ToolSource="c:\program files\arcgis\pro\Resources\ArcToolbox\toolboxes\Data Management Tools.tbx\DeleteField" Date="20241020" Time="203244">DeleteField AZ_all Id "Delete Fields"</Process><Process ToolSource="c:\program files\arcgis\pro\Resources\ArcToolbox\toolboxes\Data Management Tools.tbx\DeleteField" Date="20241020" Time="203251">DeleteField AZ_all gridcode "Delete Fields"</Process><Process ToolSource="c:\program files\arcgis\pro\Resources\ArcToolbox\toolboxes\Data Management Tools.tbx\DeleteField" Date="20241020" Time="203257">DeleteField AZ_all ORIG_FID "Delete Fields"</Process><Process ToolSource="c:\program files\arcgis\pro\Resources\ArcToolbox\toolboxes\Data Management Tools.tbx\DeleteField" Date="20241020" Time="203302">DeleteField AZ_all Shape_Leng "Delete Fields"</Process><Process ToolSource="c:\program files\arcgis\pro\Resources\ArcToolbox\toolboxes\Data Management Tools.tbx\DeleteField" Date="20241020" Time="203307">DeleteField AZ_all MERGE_SRC "Delete Fields"</Process><Process ToolSource="c:\program files\arcgis\pro\Resources\ArcToolbox\toolboxes\Data Management Tools.tbx\DeleteField" Date="20241020" Time="203313">DeleteField AZ_all Shape_Le_1 "Delete Fields"</Process><Process ToolSource="c:\program files\arcgis\pro\Resources\ArcToolbox\toolboxes\Data Management Tools.tbx\DeleteField" Date="20241020" Time="203319">DeleteField AZ_all Shape_Area "Delete Fields"</Process><Process ToolSource="c:\program files\arcgis\pro\Resources\ArcToolbox\toolboxes\Data Management Tools.tbx\CalculateGeometryAttributes" Date="20241205" Time="073432">CalculateGeometryAttributes AZ_all "area_ha AREA_GEODESIC" # Hectares GEOGCS["GCS_WGS_1984",DATUM["D_WGS_1984",SPHEROID["WGS_1984",6378137.0,298.257223563]],PRIMEM["Greenwich",0.0],UNIT["Degree",0.0174532925199433]] "Same as input"</Process><Process ToolSource="c:\program files\arcgis\pro\Resources\ArcToolbox\toolboxes\Data Management Tools.tbx\Merge" Date="20250720" Time="093242">Merge AZ_all;AZ_3QC_partial;temp2 D:\alpine_zone\All_shapefiles_for_GEE_v4\AZ_all.shp # NO_SOURCE_INFO USE_FIRST_SCHEMA</Process><Process ToolSource="c:\program files\arcgis\pro\Resources\ArcToolbox\toolboxes\Data Management Tools.tbx\CalculateGeometryAttributes" Date="20250720" Time="093418">CalculateGeometryAttributes AZ_all "area_ha AREA_GEODESIC" # HECTARES GEOGCS["GCS_WGS_1984",DATUM["D_WGS_1984",SPHEROID["WGS_1984",6378137.0,298.257223563]],PRIMEM["Greenwich",0.0],UNIT["Degree",0.0174532925199433]] SAME_AS_INPUT</Process></lineage><itemProps><itemName Sync="TRUE">AZ_all</itemName><imsContentType Sync="TRUE">002</imsContentType><itemSize Sync="TRUE">0.000</itemSize><itemLocation><linkage Sync="TRUE">file://\\ASA-20\D\alpine_zone\All_shapefiles_for_GEE_v4\AZ_all.shp</linkage><protocol Sync="TRUE">Local Area Network</protocol></itemLocation></itemProps><coordRef><type Sync="TRUE">Geographic</type><geogcsn Sync="TRUE">GCS_WGS_1984</geogcsn><csUnits Sync="TRUE">Angular Unit: Degree (0.017453)</csUnits><peXml Sync="TRUE">&lt;GeographicCoordinateSystem xsi:type='typens:GeographicCoordinateSystem' xmlns:xsi='http://www.w3.org/2001/XMLSchema-instance' xmlns:xs='http://www.w3.org/2001/XMLSchema' xmlns:typens='http://www.esri.com/schemas/ArcGIS/3.4.0'&gt;&lt;WKT&gt;GEOGCS[&amp;quot;GCS_WGS_1984&amp;quot;,DATUM[&amp;quot;D_WGS_1984&amp;quot;,SPHEROID[&amp;quot;WGS_1984&amp;quot;,6378137.0,298.257223563]],PRIMEM[&amp;quot;Greenwich&amp;quot;,0.0],UNIT[&amp;quot;Degree&amp;quot;,0.0174532925199433],AUTHORITY[&amp;quot;EPSG&amp;quot;,4326]]&lt;/WKT&gt;&lt;XOrigin&gt;-400&lt;/XOrigin&gt;&lt;YOrigin&gt;-400&lt;/YOrigin&gt;&lt;XYScale&gt;11258999068426.238&lt;/XYScale&gt;&lt;ZOrigin&gt;-100000&lt;/ZOrigin&gt;&lt;ZScale&gt;10000&lt;/ZScale&gt;&lt;MOrigin&gt;-100000&lt;/MOrigin&gt;&lt;MScale&gt;10000&lt;/MScale&gt;&lt;XYTolerance&gt;8.983152841195215e-09&lt;/XYTolerance&gt;&lt;ZTolerance&gt;0.001&lt;/ZTolerance&gt;&lt;MTolerance&gt;0.001&lt;/MTolerance&gt;&lt;HighPrecision&gt;true&lt;/HighPrecision&gt;&lt;LeftLongitude&gt;-180&lt;/LeftLongitude&gt;&lt;WKID&gt;4326&lt;/WKID&gt;&lt;LatestWKID&gt;4326&lt;/LatestWKID&gt;&lt;/GeographicCoordinateSystem&gt;</peXml></coordRef></DataProperties><SyncDate>20250720</SyncDate><SyncTime>09324100</SyncTime><ModDate>20250720</ModDate><ModTime>09324100</ModTime></Esri><dataIdInfo><envirDesc Sync="TRUE">Microsoft Windows 10 Version 10.0 (Build 26100) ; Esri ArcGIS 13.4.0.55405</envirDesc><dataLang><languageCode value="eng" Sync="TRUE"></languageCode><countryCode value="USA" Sync="TRUE"></countryCode></dataLang><idCitation><resTitle Sync="TRUE">AZ_all</resTitle><presForm><PresFormCd value="005" Sync="TRUE"></PresFormCd></presForm></idCitation><spatRpType><SpatRepTypCd value="001" Sync="TRUE"></SpatRepTypCd></spatRpType></dataIdInfo><mdLang><languageCode value="eng" Sync="TRUE"></languageCode><countryCode value="USA" Sync="TRUE"></countryCode></mdLang><mdChar><CharSetCd value="004" Sync="TRUE"></CharSetCd></mdChar><distInfo><distFormat><formatName Sync="TRUE">Shapefile</formatName></distFormat><distTranOps><transSize Sync="TRUE">0.000</transSize></distTranOps></distInfo><mdHrLv><ScopeCd value="005" Sync="TRUE"></ScopeCd></mdHrLv><mdHrLvName Sync="TRUE">dataset</mdHrLvName><refSysInfo><RefSystem><refSysID><identCode code="4326" Sync="TRUE"></identCode><idCodeSpace Sync="TRUE">EPSG</idCodeSpace><idVersion Sync="TRUE">6.2(3.0.1)</idVersion></refSysID></RefSystem></refSysInfo><spatRepInfo><VectSpatRep><geometObjs Name="AZ_all"><geoObjTyp><GeoObjTypCd value="002" Sync="TRUE"></GeoObjTypCd></geoObjTyp><geoObjCnt Sync="TRUE">0</geoObjCnt></geometObjs><topLvl><TopoLevCd value="001" Sync="TRUE"></TopoLevCd></topLvl></VectSpatRep></spatRepInfo><spdoinfo><ptvctinf><esriterm Name="AZ_all"><efeatyp Sync="TRUE">Simple</efeatyp><efeageom code="4" Sync="TRUE"></efeageom><esritopo Sync="TRUE">FALSE</esritopo><efeacnt Sync="TRUE">0</efeacnt><spindex Sync="TRUE">FALSE</spindex><linrefer Sync="TRUE">FALSE</linrefer></esriterm></ptvctinf></spdoinfo><eainfo><detailed Name="AZ_all"><enttyp><enttypl Sync="TRUE">AZ_all</enttypl><enttypt Sync="TRUE">Feature Class</enttypt><enttypc Sync="TRUE">0</enttypc></enttyp><attr><attrlabl Sync="TRUE">FID</attrlabl><attalias Sync="TRUE">FID</attalias><attrtype Sync="TRUE">OID</attrtype><attwidth Sync="TRUE">4</attwidth><atprecis Sync="TRUE">0</atprecis><attscale Sync="TRUE">0</attscale><attrdef Sync="TRUE">Internal feature number.</attrdef><attrdefs Sync="TRUE">Esri</attrdefs><attrdomv><udom Sync="TRUE">Sequential unique whole numbers that are automatically generated.</udom></attrdomv></attr><attr><attrlabl Sync="TRUE">Shape</attrlabl><attalias Sync="TRUE">Shape</attalias><attrtype Sync="TRUE">Geometry</attrtype><attwidth Sync="TRUE">0</attwidth><atprecis Sync="TRUE">0</atprecis><attscale Sync="TRUE">0</attscale><attrdef Sync="TRUE">Feature geometry.</attrdef><attrdefs Sync="TRUE">Esri</attrdefs><attrdomv><udom Sync="TRUE">Coordinates defining the features.</udom></attrdomv></attr><attr><attrlabl Sync="TRUE">Name</attrlabl><attalias Sync="TRUE">Name</attalias><attrtype Sync="TRUE">String</attrtype><attwidth Sync="TRUE">30</attwidth><atprecis Sync="TRUE">0</atprecis><attscale Sync="TRUE">0</attscale></attr><attr><attrlabl Sync="TRUE">SiteZone</attrlabl><attalias Sync="TRUE">SiteZone</attalias><attrtype Sync="TRUE">String</attrtype><attwidth Sync="TRUE">12</attwidth><atprecis Sync="TRUE">0</atprecis><attscale Sync="TRUE">0</attscale></attr><attr><attrlabl Sync="TRUE">area_ha</attrlabl><attalias Sync="TRUE">area_ha</attalias><attrtype Sync="TRUE">Single</attrtype><attwidth Sync="TRUE">13</attwidth><atprecis Sync="TRUE">0</atprecis><attscale Sync="TRUE">0</attscale></attr></detailed></eainfo><mdDateSt Sync="TRUE">20250720</mdDateSt></metadata>
